{
  "range_bins": [
    0,
    1,
    2,
    3,
    4,
    5,
    6,
    7,
    8,
    9,
    10,
    11,
    12,
    13,
    14,
    15,
    16,
    17,
    18,
    19,
    20,
    21,
    22,
    23,
    24,
    25,
    26,
    27,
    28,
    29,
    30,
    31,
    32,
    33,
    34,
    35,
    36,
    37,
    38,
    39,
    40,
    41,
    42,
    43,
    44,
    45,
    46,
    47,
    48,
    49,
    50,
    51,
    52,
    53,
    54,
    55,
    56,
    57,
    58,
    59,
    60,
    61,
    62,
    63,
    64,
    65,
    66,
    67,
    68,
    69,
    70,
    71,
    72,
    73,
    74,
    75,
    76,
    77,
    78,
    79,
    80,
    81,
    82,
    83,
    84,
    85,
    86,
    87,
    88,
    89,
    90,
    91,
    92,
    93,
    94,
    95,
    96,
    97,
    98,
    99,
    100,
    101,
    102,
    103,
    104,
    105,
    106,
    107,
    108,
    109,
    110,
    111,
    112,
    113,
    114,
    115,
    116,
    117,
    118,
    119,
    120,
    121,
    122,
    123,
    124,
    125,
    126,
    127,
    128,
    129,
    130,
    131,
    132,
    133,
    134,
    135,
    136,
    137,
    138,
    139,
    140,
    141,
    142,
    143,
    144,
    145,
    146,
    147,
    148,
    149,
    150,
    151,
    152,
    153,
    154,
    155,
    156,
    157,
    158,
    159,
    160,
    161,
    162,
    163,
    164,
    165,
    166,
    167,
    168,
    169,
    170,
    171,
    172,
    173,
    174,
    175,
    176,
    177,
    178,
    179,
    180,
    181,
    182,
    183,
    184,
    185,
    186,
    187,
    188,
    189,
    190,
    191,
    192,
    193,
    194,
    195,
    196,
    197,
    198,
    199,
    200,
    201,
    202,
    203,
    204,
    205,
    206,
    207,
    208,
    209,
    210,
    211,
    212,
    213,
    214,
    215,
    216,
    217,
    218,
    219,
    220,
    221,
    222,
    223,
    224,
    225,
    226,
    227,
    228,
    229,
    230,
    231,
    232,
    233,
    234,
    235,
    236,
    237,
    238,
    239,
    240,
    241,
    242,
    243,
    244,
    245,
    246,
    247,
    248,
    249,
    250,
    251,
    252,
    253,
    254,
    255
  ],
  "magnitude": [
    786.61268722816067,
    1048.6702784987037,
    1287.0795425934002,
    1472.6470588001023,
    1585.8820930318179,
    1619.867932838956,
    1580.2663256740075,
    1482.51001000265,
    1347.1412771819178,
    1194.735541807041,
    1041.8375141166714,
    898.90684451796278,
    770.57526759241853,
    657.72985982820728,
    560.30302023214585,
    479.54387648245847,
    419.33594127343764,
    387.66329456471863,
    398.70592956990339,
    469.00473602938911,
    604.279391133708,
    793.42122236105581,
    1012.8848023997573,
    1231.2789755488818,
    1413.8486705335458,
    1528.442841624317,
    1552.0698562864459,
    1476.1723808983286,
    1309.0062861186834,
    1074.4650525916318,
    808.149986399684,
    553.63953653104591,
    365.09466302877661,
    303.23309894989364,
    347.02323447528687,
    411.13862622136031,
    461.56357390304589,
    498.2113497424898,
    529.520050702844,
    563.16478491249723,
    602.91835952604958,
    647.87782677495136,
    692.632816722157,
    728.04603160781062,
    742.81223560696117,
    725.81823907687556,
    668.89423992386264,
    569.25261793251991,
    430.9885948179604,
    265.76301375642663,
    100.51066485013479,
    122.71039882304972,
    266.93619815003569,
    382.28581057349282,
    450.94345106836636,
    466.73463080589545,
    430.36328292877863,
    348.91328643509394,
    236.13351957924758,
    119.96723645724417,
    107.50935873293857,
    206.60990839594052,
    297.49900155148276,
    354.45205864978954,
    371.64306761242085,
    351.61956345370248,
    302.93087001333214,
    237.81779926864212,
    169.54236030059877,
    109.92578852823598,
    68.0018911551582,
    49.70456603785027,
    52.759806855227232,
    66.737681920998824,
    84.107945695027325,
    99.13784150956927,
    106.63265731095281,
    102.98021082766864,
    86.884288034123486,
    59.49382985378525,
    24.960391801970271,
    22.958818976976854,
    61.908824570564725,
    98.986771611756183,
    130.03155085764257,
    154.36478500516344,
    173.94405680797828,
    192.8973351106446,
    215.83165263922476,
    245.28895217977038,
    280.27377015081242,
    316.99593315537516,
    350.74867349876661,
    377.59792846991149,
    395.50149189419511,
    404.86395092381593,
    408.47447223794757,
    410.72428139012078,
    416.13938466428021,
    427.64635901969723,
    445.36693207811408,
    466.52886606310261,
    486.32763850501425,
    499.17690331289646,
    499.98838205779629,
    485.32733816839442,
    454.26300922024603,
    408.69236669165628,
    353.00967038706591,
    293.18570793287779,
    235.50504265979819,
    185.3007931813691,
    145.98207558368324,
    118.50401502825449,
    101.36187281097126,
    91.278570724335935,
    84.4732026651143,
    77.818923842201812,
    69.443928234067158,
    58.902693806957835,
    47.124112874248276,
    36.267942437782672,
    29.293401130916212,
    27.799261346170336,
    29.457910408959936,
    30.798711788197824,
    30.067940140412794,
    26.993316672428705,
    22.104161243808669,
    16.353703145109783,
    11.052362372343566,
    8.1973113298062614,
    9.193912861685865,
    12.083436207199348,
    15.229590075263827,
    18.303839249702676,
    21.214047511735924,
    23.667467212906306,
    25.189028450579411,
    25.345109899234473,
    23.971464367703092,
    21.289231693091732,
    17.855015904966937,
    14.327008848261672,
    11.12823726608133,
    8.3862586254048388,
    6.8201479887492029,
    8.44212247530143,
    12.88799888846536,
    18.040705939056085,
    22.362945233653676,
    24.777838954573145,
    24.668864148858944,
    22.041950889701425,
    17.847991965159871,
    14.757663744840743,
    16.540614531786922,
    22.384624732920251,
    28.703280161130454,
    33.279163977341433,
    35.023003855821422,
    33.597502423450642,
    29.282420614669533,
    22.845889427905128,
    15.378736445157022,
    8.2305333524946818,
    4.2818028781368893,
    6.8871508447341716,
    10.254698289128468,
    12.539999378208977,
    13.793625113740749,
    14.255257633742314,
    14.052048584616236,
    13.145808906823612,
    11.422931951822159,
    8.8489590416891346,
    5.7024458442023063,
    3.6688612241181358,
    6.0914645131854188,
    10.372256476930318,
    14.664405832381734,
    18.4251987986142,
    21.392385237371705,
    23.436392932408676,
    24.521578951539588,
    24.697744793129225,
    24.115645126681923,
    23.050271318380858,
    21.88894960478228,
    21.021482986709955,
    20.624598353359946,
    20.502314754218233,
    20.178051566450364,
    19.159225769626595,
    17.14589663895752,
    14.093911327798592,
    10.162578797241705,
    5.6010194756174378,
    0.64051709480138719,
    4.6295523659590758,
    10.11867980826092,
    15.811843909805061,
    21.645342932799668,
    27.528663488687695,
    33.370621673943923,
    39.070414375695009,
    44.454002874437776,
    49.203994611459386,
    52.857092879912635,
    54.898554207338044,
    54.915197224426173,
    52.736844365933379,
    48.510147938723328,
    42.683949898545492,
    35.919344784270578,
    28.960254441753079,
    22.507908451958556,
    17.129953244902882,
    13.186872660086175,
    10.68923751312588,
    9.1209466825709189,
    7.5808087685437764,
    5.22042407486398,
    1.9001320609233243,
    5.032336212567964,
    12.528166251968033,
    21.678675248377171,
    31.712420783923072,
    41.613135855943092,
    50.159851092149083,
    56.100735379747917,
    58.400539108480778,
    56.516362410704005,
    50.626194387862185,
    41.714512810156606,
    31.435123572785017,
    21.744561986025634,
    14.43830714984378,
    10.763563571017329,
    10.628701663556416,
    12.121220533203434,
